[
	{
		"inputs": [
			{
				"internalType": "address",
				"name": "_oracle",
				"type": "address"
			}
		],
		"name": "addAllowedOracle",
		"outputs": [],
		"stateMutability": "nonpayable",
		"type": "function"
	},
	{
		"inputs": [
			{
				"internalType": "address",
				"name": "_swapRouter",
				"type": "address"
			}
		],
		"name": "addAllowedSwapRouter",
		"outputs": [],
		"stateMutability": "nonpayable",
		"type": "function"
	},
	{
		"inputs": [
			{
				"internalType": "address",
				"name": "_poolAddress",
				"type": "address"
			},
			{
				"internalType": "address",
				"name": "_chosenOracle",
				"type": "address"
			},
			{
				"internalType": "address",
				"name": "_chosenSwapRouter",
				"type": "address"
			},
			{
				"internalType": "bool",
				"name": "_vaultVisibility",
				"type": "bool"
			},
			{
				"internalType": "bool",
				"name": "_whitelistedDeposits",
				"type": "bool"
			},
			{
				"internalType": "enum FeeCutTypeLibrary.FeeCutType",
				"name": "_feeCutType",
				"type": "uint8"
			}
		],
		"name": "launchVault",
		"outputs": [
			{
				"internalType": "address",
				"name": "",
				"type": "address"
			}
		],
		"stateMutability": "nonpayable",
		"type": "function"
	},
	{
		"inputs": [
			{
				"internalType": "address",
				"name": "_oracle",
				"type": "address"
			}
		],
		"name": "removeAllowedOracle",
		"outputs": [],
		"stateMutability": "nonpayable",
		"type": "function"
	},
	{
		"inputs": [
			{
				"internalType": "address",
				"name": "_swapRouter",
				"type": "address"
			}
		],
		"name": "removeAllowedSwapRouter",
		"outputs": [],
		"stateMutability": "nonpayable",
		"type": "function"
	},
	{
		"inputs": [],
		"stateMutability": "nonpayable",
		"type": "constructor"
	},
	{
		"inputs": [
			{
				"internalType": "address",
				"name": "owner",
				"type": "address"
			}
		],
		"name": "OwnableInvalidOwner",
		"type": "error"
	},
	{
		"inputs": [
			{
				"internalType": "address",
				"name": "account",
				"type": "address"
			}
		],
		"name": "OwnableUnauthorizedAccount",
		"type": "error"
	},
	{
		"anonymous": false,
		"inputs": [
			{
				"indexed": true,
				"internalType": "address",
				"name": "previousOwner",
				"type": "address"
			},
			{
				"indexed": true,
				"internalType": "address",
				"name": "newOwner",
				"type": "address"
			}
		],
		"name": "OwnershipTransferred",
		"type": "event"
	},
	{
		"inputs": [],
		"name": "renounceOwnership",
		"outputs": [],
		"stateMutability": "nonpayable",
		"type": "function"
	},
	{
		"inputs": [
			{
				"internalType": "address",
				"name": "newOwner",
				"type": "address"
			}
		],
		"name": "transferOwnership",
		"outputs": [],
		"stateMutability": "nonpayable",
		"type": "function"
	},
	{
		"inputs": [
			{
				"internalType": "uint24",
				"name": "_maxManagers",
				"type": "uint24"
			},
			{
				"internalType": "uint24",
				"name": "_protocolFees",
				"type": "uint24"
			},
			{
				"internalType": "uint24",
				"name": "_maxManagementFees",
				"type": "uint24"
			},
			{
				"internalType": "uint24",
				"name": "_maxPerformanceFees",
				"type": "uint24"
			}
		],
		"name": "updateVaultConfigurations",
		"outputs": [],
		"stateMutability": "nonpayable",
		"type": "function"
	},
	{
		"anonymous": false,
		"inputs": [
			{
				"indexed": true,
				"internalType": "address",
				"name": "vaultAddress",
				"type": "address"
			},
			{
				"indexed": true,
				"internalType": "address",
				"name": "owner",
				"type": "address"
			}
		],
		"name": "VaultLaunched",
		"type": "event"
	},
	{
		"inputs": [],
		"name": "getFactoryOwner",
		"outputs": [
			{
				"internalType": "address",
				"name": "",
				"type": "address"
			}
		],
		"stateMutability": "view",
		"type": "function"
	},
	{
		"inputs": [],
		"name": "getMaxManagementFeesLimit",
		"outputs": [
			{
				"internalType": "uint256",
				"name": "",
				"type": "uint256"
			}
		],
		"stateMutability": "view",
		"type": "function"
	},
	{
		"inputs": [],
		"name": "getMaxPerformanceFeesLimit",
		"outputs": [
			{
				"internalType": "uint256",
				"name": "",
				"type": "uint256"
			}
		],
		"stateMutability": "view",
		"type": "function"
	},
	{
		"inputs": [
			{
				"internalType": "address",
				"name": "_oracle",
				"type": "address"
			}
		],
		"name": "isOracleAllowed",
		"outputs": [
			{
				"internalType": "bool",
				"name": "",
				"type": "bool"
			}
		],
		"stateMutability": "view",
		"type": "function"
	},
	{
		"inputs": [
			{
				"internalType": "address",
				"name": "_swapRouter",
				"type": "address"
			}
		],
		"name": "isSwapRouterAllowed",
		"outputs": [
			{
				"internalType": "bool",
				"name": "",
				"type": "bool"
			}
		],
		"stateMutability": "view",
		"type": "function"
	},
	{
		"inputs": [],
		"name": "MAX_PROTOCOL_FEES",
		"outputs": [
			{
				"internalType": "uint24",
				"name": "",
				"type": "uint24"
			}
		],
		"stateMutability": "view",
		"type": "function"
	},
	{
		"inputs": [],
		"name": "owner",
		"outputs": [
			{
				"internalType": "address",
				"name": "",
				"type": "address"
			}
		],
		"stateMutability": "view",
		"type": "function"
	},
	{
		"inputs": [],
		"name": "vaultConfigurations",
		"outputs": [
			{
				"internalType": "uint24",
				"name": "maxManagers",
				"type": "uint24"
			},
			{
				"internalType": "uint24",
				"name": "protocolFees",
				"type": "uint24"
			},
			{
				"internalType": "uint24",
				"name": "MAX_MANAGEMENT_FEES",
				"type": "uint24"
			},
			{
				"internalType": "uint24",
				"name": "MAX_PERFORMANCE_FEES",
				"type": "uint24"
			}
		],
		"stateMutability": "view",
		"type": "function"
	}
]