[
	{
		"inputs": [
			{
				"internalType": "uint256",
				"name": "amount0Desired",
				"type": "uint256"
			},
			{
				"internalType": "uint256",
				"name": "amount1Desired",
				"type": "uint256"
			},
			{
				"internalType": "uint256",
				"name": "positionIndex",
				"type": "uint256"
			}
		],
		"name": "addLiquidity",
		"outputs": [],
		"stateMutability": "nonpayable",
		"type": "function"
	},
	{
		"inputs": [
			{
				"internalType": "address",
				"name": "_factoryAddress",
				"type": "address"
			},
			{
				"internalType": "address",
				"name": "_owner",
				"type": "address"
			},
			{
				"internalType": "address",
				"name": "_poolAddresss",
				"type": "address"
			},
			{
				"internalType": "address",
				"name": "_oracle",
				"type": "address"
			},
			{
				"internalType": "address",
				"name": "_swapRouter",
				"type": "address"
			},
			{
				"internalType": "bool",
				"name": "_vaultVisibility",
				"type": "bool"
			},
			{
				"internalType": "bool",
				"name": "_whitelistedDeposits",
				"type": "bool"
			},
			{
				"internalType": "enum FeeCutTypeLibrary.FeeCutType",
				"name": "_feeCutType",
				"type": "uint8"
			}
		],
		"stateMutability": "nonpayable",
		"type": "constructor"
	},
	{
		"inputs": [
			{
				"internalType": "address",
				"name": "target",
				"type": "address"
			}
		],
		"name": "AddressEmptyCode",
		"type": "error"
	},
	{
		"inputs": [
			{
				"internalType": "address",
				"name": "account",
				"type": "address"
			}
		],
		"name": "AddressInsufficientBalance",
		"type": "error"
	},
	{
		"inputs": [
			{
				"internalType": "uint24",
				"name": "_positionIndex",
				"type": "uint24"
			}
		],
		"name": "claimAndReinvestFees",
		"outputs": [],
		"stateMutability": "nonpayable",
		"type": "function"
	},
	{
		"inputs": [
			{
				"internalType": "int24",
				"name": "_tickLower",
				"type": "int24"
			},
			{
				"internalType": "int24",
				"name": "_tickUpper",
				"type": "int24"
			},
			{
				"internalType": "uint256",
				"name": "_amount0Desired",
				"type": "uint256"
			},
			{
				"internalType": "uint256",
				"name": "_amount1Desired",
				"type": "uint256"
			}
		],
		"name": "createPosition",
		"outputs": [],
		"stateMutability": "nonpayable",
		"type": "function"
	},
	{
		"inputs": [
			{
				"internalType": "uint256",
				"name": "_amountToken0",
				"type": "uint256"
			},
			{
				"internalType": "uint256",
				"name": "_amountToken1",
				"type": "uint256"
			}
		],
		"name": "deposit",
		"outputs": [],
		"stateMutability": "nonpayable",
		"type": "function"
	},
	{
		"inputs": [],
		"name": "FailedInnerCall",
		"type": "error"
	},
	{
		"inputs": [
			{
				"internalType": "address",
				"name": "owner",
				"type": "address"
			}
		],
		"name": "OwnableInvalidOwner",
		"type": "error"
	},
	{
		"inputs": [
			{
				"internalType": "address",
				"name": "account",
				"type": "address"
			}
		],
		"name": "OwnableUnauthorizedAccount",
		"type": "error"
	},
	{
		"inputs": [
			{
				"internalType": "uint24",
				"name": "_positionIndex",
				"type": "uint24"
			},
			{
				"internalType": "int24",
				"name": "newTickLower",
				"type": "int24"
			},
			{
				"internalType": "int24",
				"name": "newTickUpper",
				"type": "int24"
			}
		],
		"name": "rebalancePosition",
		"outputs": [],
		"stateMutability": "nonpayable",
		"type": "function"
	},
	{
		"inputs": [
			{
				"internalType": "address",
				"name": "token",
				"type": "address"
			}
		],
		"name": "SafeERC20FailedOperation",
		"type": "error"
	},
	{
		"anonymous": false,
		"inputs": [
			{
				"indexed": true,
				"internalType": "address",
				"name": "manager",
				"type": "address"
			},
			{
				"indexed": false,
				"internalType": "uint256",
				"name": "feeAmountToken0",
				"type": "uint256"
			},
			{
				"indexed": false,
				"internalType": "uint256",
				"name": "feeAmountToken1",
				"type": "uint256"
			}
		],
		"name": "FeeWithdrawal",
		"type": "event"
	},
	{
		"anonymous": false,
		"inputs": [
			{
				"indexed": true,
				"internalType": "address",
				"name": "claimer",
				"type": "address"
			},
			{
				"indexed": false,
				"internalType": "uint256",
				"name": "amountToken0",
				"type": "uint256"
			},
			{
				"indexed": false,
				"internalType": "uint256",
				"name": "amountToken1",
				"type": "uint256"
			}
		],
		"name": "FeesReinvested",
		"type": "event"
	},
	{
		"inputs": [],
		"name": "freezeVault",
		"outputs": [],
		"stateMutability": "nonpayable",
		"type": "function"
	},
	{
		"anonymous": false,
		"inputs": [
			{
				"indexed": true,
				"internalType": "address",
				"name": "manager",
				"type": "address"
			},
			{
				"indexed": false,
				"internalType": "uint256",
				"name": "amountToken0",
				"type": "uint256"
			},
			{
				"indexed": false,
				"internalType": "uint256",
				"name": "amountToken1",
				"type": "uint256"
			}
		],
		"name": "ManagementFee",
		"type": "event"
	},
	{
		"anonymous": false,
		"inputs": [
			{
				"indexed": false,
				"internalType": "uint256",
				"name": "newFee",
				"type": "uint256"
			}
		],
		"name": "ManagementFeeUpdated",
		"type": "event"
	},
	{
		"anonymous": false,
		"inputs": [
			{
				"indexed": true,
				"internalType": "address",
				"name": "previousOwner",
				"type": "address"
			},
			{
				"indexed": true,
				"internalType": "address",
				"name": "newOwner",
				"type": "address"
			}
		],
		"name": "OwnershipTransferred",
		"type": "event"
	},
	{
		"anonymous": false,
		"inputs": [
			{
				"indexed": false,
				"internalType": "address",
				"name": "account",
				"type": "address"
			}
		],
		"name": "Paused",
		"type": "event"
	},
	{
		"anonymous": false,
		"inputs": [
			{
				"indexed": false,
				"internalType": "uint256",
				"name": "newFee",
				"type": "uint256"
			}
		],
		"name": "PerformanceFeeUpdated",
		"type": "event"
	},
	{
		"inputs": [
			{
				"internalType": "uint128",
				"name": "liquidity",
				"type": "uint128"
			},
			{
				"internalType": "uint256",
				"name": "positionIndex",
				"type": "uint256"
			}
		],
		"name": "removeLiquidity",
		"outputs": [],
		"stateMutability": "nonpayable",
		"type": "function"
	},
	{
		"inputs": [
			{
				"internalType": "uint256",
				"name": "positionIndex",
				"type": "uint256"
			}
		],
		"name": "removePosition",
		"outputs": [],
		"stateMutability": "nonpayable",
		"type": "function"
	},
	{
		"inputs": [
			{
				"internalType": "address",
				"name": "_user",
				"type": "address"
			}
		],
		"name": "removeWhitelistedDepositor",
		"outputs": [],
		"stateMutability": "nonpayable",
		"type": "function"
	},
	{
		"inputs": [],
		"name": "renounceOwnership",
		"outputs": [],
		"stateMutability": "nonpayable",
		"type": "function"
	},
	{
		"inputs": [
			{
				"internalType": "uint256",
				"name": "_newFee",
				"type": "uint256"
			}
		],
		"name": "setManagementFee",
		"outputs": [],
		"stateMutability": "nonpayable",
		"type": "function"
	},
	{
		"inputs": [
			{
				"internalType": "uint256",
				"name": "_newFee",
				"type": "uint256"
			}
		],
		"name": "setPerformanceFee",
		"outputs": [],
		"stateMutability": "nonpayable",
		"type": "function"
	},
	{
		"inputs": [],
		"name": "toggleVaultVisibility",
		"outputs": [],
		"stateMutability": "nonpayable",
		"type": "function"
	},
	{
		"inputs": [],
		"name": "toggleWhitelistingDeposits",
		"outputs": [],
		"stateMutability": "nonpayable",
		"type": "function"
	},
	{
		"inputs": [
			{
				"internalType": "address",
				"name": "newOwner",
				"type": "address"
			}
		],
		"name": "transferOwnership",
		"outputs": [],
		"stateMutability": "nonpayable",
		"type": "function"
	},
	{
		"inputs": [],
		"name": "unfreezeVault",
		"outputs": [],
		"stateMutability": "nonpayable",
		"type": "function"
	},
	{
		"anonymous": false,
		"inputs": [
			{
				"indexed": false,
				"internalType": "address",
				"name": "account",
				"type": "address"
			}
		],
		"name": "Unpaused",
		"type": "event"
	},
	{
		"anonymous": false,
		"inputs": [
			{
				"indexed": true,
				"internalType": "address",
				"name": "user",
				"type": "address"
			},
			{
				"indexed": false,
				"internalType": "uint256",
				"name": "token0Amount",
				"type": "uint256"
			},
			{
				"indexed": false,
				"internalType": "uint256",
				"name": "token1Amount",
				"type": "uint256"
			},
			{
				"indexed": false,
				"internalType": "uint256",
				"name": "mintedShares",
				"type": "uint256"
			}
		],
		"name": "UserDeposit",
		"type": "event"
	},
	{
		"anonymous": false,
		"inputs": [
			{
				"indexed": true,
				"internalType": "address",
				"name": "user",
				"type": "address"
			},
			{
				"indexed": false,
				"internalType": "uint256",
				"name": "token0ToWithdraw",
				"type": "uint256"
			},
			{
				"indexed": false,
				"internalType": "uint256",
				"name": "token1ToWithdraw",
				"type": "uint256"
			},
			{
				"indexed": false,
				"internalType": "uint256",
				"name": "_amountShares",
				"type": "uint256"
			}
		],
		"name": "UserWithdrawal",
		"type": "event"
	},
	{
		"anonymous": false,
		"inputs": [
			{
				"indexed": false,
				"internalType": "bool",
				"name": "newVisibility",
				"type": "bool"
			}
		],
		"name": "VaultVisiblityToggled",
		"type": "event"
	},
	{
		"inputs": [
			{
				"internalType": "address",
				"name": "_user",
				"type": "address"
			}
		],
		"name": "whitelistDepositor",
		"outputs": [],
		"stateMutability": "nonpayable",
		"type": "function"
	},
	{
		"anonymous": false,
		"inputs": [
			{
				"indexed": false,
				"internalType": "bool",
				"name": "newWhitelistingStatus",
				"type": "bool"
			}
		],
		"name": "whitelistingToggled",
		"type": "event"
	},
	{
		"inputs": [
			{
				"internalType": "uint256",
				"name": "_amountShares",
				"type": "uint256"
			}
		],
		"name": "withdraw",
		"outputs": [],
		"stateMutability": "nonpayable",
		"type": "function"
	},
	{
		"stateMutability": "payable",
		"type": "receive"
	},
	{
		"inputs": [
			{
				"internalType": "address",
				"name": "",
				"type": "address"
			}
		],
		"name": "accruedFeesToken0",
		"outputs": [
			{
				"internalType": "uint256",
				"name": "",
				"type": "uint256"
			}
		],
		"stateMutability": "view",
		"type": "function"
	},
	{
		"inputs": [
			{
				"internalType": "address",
				"name": "",
				"type": "address"
			}
		],
		"name": "accruedFeesToken1",
		"outputs": [
			{
				"internalType": "uint256",
				"name": "",
				"type": "uint256"
			}
		],
		"stateMutability": "view",
		"type": "function"
	},
	{
		"inputs": [],
		"name": "algoShares",
		"outputs": [
			{
				"internalType": "contract AlgoShares",
				"name": "",
				"type": "address"
			}
		],
		"stateMutability": "view",
		"type": "function"
	},
	{
		"inputs": [],
		"name": "currentPositionCount",
		"outputs": [
			{
				"internalType": "uint8",
				"name": "",
				"type": "uint8"
			}
		],
		"stateMutability": "view",
		"type": "function"
	},
	{
		"inputs": [],
		"name": "feeCutType",
		"outputs": [
			{
				"internalType": "enum FeeCutTypeLibrary.FeeCutType",
				"name": "",
				"type": "uint8"
			}
		],
		"stateMutability": "view",
		"type": "function"
	},
	{
		"inputs": [],
		"name": "getCurrentAssets",
		"outputs": [
			{
				"internalType": "uint256",
				"name": "currentAssetsToken0",
				"type": "uint256"
			},
			{
				"internalType": "uint256",
				"name": "currentAssetsToken1",
				"type": "uint256"
			}
		],
		"stateMutability": "view",
		"type": "function"
	},
	{
		"inputs": [],
		"name": "getCurrentSharePrice",
		"outputs": [
			{
				"internalType": "uint256",
				"name": "",
				"type": "uint256"
			}
		],
		"stateMutability": "view",
		"type": "function"
	},
	{
		"inputs": [],
		"name": "initialSharePrice",
		"outputs": [
			{
				"internalType": "uint256",
				"name": "",
				"type": "uint256"
			}
		],
		"stateMutability": "view",
		"type": "function"
	},
	{
		"inputs": [],
		"name": "managementFee",
		"outputs": [
			{
				"internalType": "uint256",
				"name": "",
				"type": "uint256"
			}
		],
		"stateMutability": "view",
		"type": "function"
	},
	{
		"inputs": [],
		"name": "MAX_POSITIONS",
		"outputs": [
			{
				"internalType": "uint8",
				"name": "",
				"type": "uint8"
			}
		],
		"stateMutability": "view",
		"type": "function"
	},
	{
		"inputs": [],
		"name": "owner",
		"outputs": [
			{
				"internalType": "address",
				"name": "",
				"type": "address"
			}
		],
		"stateMutability": "view",
		"type": "function"
	},
	{
		"inputs": [],
		"name": "paused",
		"outputs": [
			{
				"internalType": "bool",
				"name": "",
				"type": "bool"
			}
		],
		"stateMutability": "view",
		"type": "function"
	},
	{
		"inputs": [],
		"name": "performanceFee",
		"outputs": [
			{
				"internalType": "uint256",
				"name": "",
				"type": "uint256"
			}
		],
		"stateMutability": "view",
		"type": "function"
	},
	{
		"inputs": [],
		"name": "poolAddress",
		"outputs": [
			{
				"internalType": "contract IUniswapV3Pool",
				"name": "",
				"type": "address"
			}
		],
		"stateMutability": "view",
		"type": "function"
	},
	{
		"inputs": [
			{
				"internalType": "uint256",
				"name": "",
				"type": "uint256"
			}
		],
		"name": "positions",
		"outputs": [
			{
				"internalType": "int24",
				"name": "tickLower",
				"type": "int24"
			},
			{
				"internalType": "int24",
				"name": "tickUpper",
				"type": "int24"
			},
			{
				"internalType": "uint128",
				"name": "liquidity",
				"type": "uint128"
			}
		],
		"stateMutability": "view",
		"type": "function"
	},
	{
		"inputs": [],
		"name": "protocolFees",
		"outputs": [
			{
				"internalType": "uint256",
				"name": "",
				"type": "uint256"
			}
		],
		"stateMutability": "view",
		"type": "function"
	},
	{
		"inputs": [],
		"name": "totalAssetsToken0",
		"outputs": [
			{
				"internalType": "uint256",
				"name": "",
				"type": "uint256"
			}
		],
		"stateMutability": "view",
		"type": "function"
	},
	{
		"inputs": [],
		"name": "totalAssetsToken1",
		"outputs": [
			{
				"internalType": "uint256",
				"name": "",
				"type": "uint256"
			}
		],
		"stateMutability": "view",
		"type": "function"
	},
	{
		"inputs": [
			{
				"internalType": "address",
				"name": "",
				"type": "address"
			}
		],
		"name": "userDepositsValueInUSD",
		"outputs": [
			{
				"internalType": "uint256",
				"name": "",
				"type": "uint256"
			}
		],
		"stateMutability": "view",
		"type": "function"
	},
	{
		"inputs": [],
		"name": "vaultManagerFees",
		"outputs": [
			{
				"internalType": "contract VaultManagerFeesContract",
				"name": "",
				"type": "address"
			}
		],
		"stateMutability": "view",
		"type": "function"
	},
	{
		"inputs": [
			{
				"internalType": "address",
				"name": "",
				"type": "address"
			}
		],
		"name": "whitelistedDepositors",
		"outputs": [
			{
				"internalType": "bool",
				"name": "",
				"type": "bool"
			}
		],
		"stateMutability": "view",
		"type": "function"
	}
]